,,Cultivar ID,Sequences,Subpopulation,Plant Height (cm)
0,0,W128,ACCGATCTT,Intermediate,149.8
1,0,W119,ACTGAATTT,Tropical Japonica,95.4
2,0,W060,ACTGAACTT,Temperate Japonica,119.4
2,1,W249,ACTGAACTT,Temperate Japonica,125.8
2,2,W250,ACTGAACTT,Temperate Japonica,123.2
2,3,W193,ACTGAACTT,Temperate Japonica,121.4
2,4,C012,ACTGAACTT,Temperate Japonica,114.1
3,0,C063,ACTGAACCC,Temperate Japonica,115.54
3,1,W003,ACTGAACTC,Tropical Japonica,140.4
4,0,C172,ACTGAACCT,Temperate Japonica,102.37
4,1,C120,ACTGAACCT,Temperate Japonica,97.63
4,2,C149,ACTGAACCT,Temperate Japonica,102.47
5,0,W056,GCTGAACTT,Temperate Japonica,129.0
5,1,W011,GCTGAACTT,Temperate Japonica,116.8
5,2,W055,GCTGAACTT,Intermediate,171.4
5,3,W041,GCTGAACTT,Tropical Japonica,169.4
5,4,C189,GCTGAACTT,Temperate Japonica,162.36
5,5,C070,GCTGAACTT,Temperate Japonica,97.8
5,6,C123,GCTGAACTT,Tropical Japonica,118.83
6,0,C196,GCTGAACTC,Temperate Japonica,193.0
6,1,C133,GCTGAACTC,Temperate Japonica,170.8
6,2,C004,GCTGAACTC,Temperate Japonica,140.4
6,3,C093,GCTGAACTC,Temperate Japonica,164.73
6,4,C103,GCTGAACTC,Temperate Japonica,202.07
6,5,C130,GCTGAACTC,Temperate Japonica,155.4
6,6,W102,GCTGAACTC,Tropical Japonica,182.6
6,7,C079,GCTGAACTC,Temperate Japonica,143.32
6,8,W325,GCTGAACTC,Temperate Japonica,135.8
7,0,W285,GCTTAATTT,Tropical Japonica,134.6
8,0,W116,GCTTAACTT,Tropical Japonica,175.4
8,1,C087,GCTTAACTT,Temperate Japonica,141.27
9,0,W017,GCTGAATTT,Tropical Japonica,126.2
9,1,W008,GCTGAATTT,Tropical Japonica,147.0
9,2,W067,GCTGAATTT,Tropical Japonica,152.6
9,3,W024,GCTGAATTT,Tropical Japonica,139.8
9,4,W254,GCTGAATTT,Tropical Japonica,143.4
9,5,W057,GCTGAATTT,Tropical Japonica,182.2
9,6,W303,GCTGAATTT,Tropical Japonica,157.8
9,7,W123,GCTGAATTT,Tropical Japonica,140.8
9,8,W251,GCTGAATTT,Tropical Japonica,129.8
9,9,W257,GCTGAATTT,Tropical Japonica,171.6
9,10,W005,GCTGAATTT,Tropical Japonica,133.8
9,11,W275,GCTGAATTT,Tropical Japonica,148.2
9,12,W208,GCTGAATTT,Temperate Japonica,119.6
9,13,C153,GCTGAATTT,Tropical Japonica,105.07
9,14,W065,GCTGAATTT,Tropical Japonica,149.4
9,15,W253,GCTGAATTT,Tropical Japonica,146.2
9,16,W022,GCTGAATTT,Tropical Japonica,146.0
9,17,W113,GCTGAATTT,Tropical Japonica,141.0
9,18,W006,GCTGAATTT,Tropical Japonica,149.8
9,19,W053,GCTGAATTT,Tropical Japonica,152.6
10,0,W155,ACTGTTTTT,Indica Intermediate,98.4
10,1,W125,ACTGTTCTT,Intermediate,152.0
11,0,C051,ACTGTATTT,Intermediate,99.9
11,1,W087,ACTGTATTT,Indica I,77.2
11,2,C014,ACTGTATTT,Japonica Intermediate,82.43
11,3,W226,ACTGTATTT,Temperate Japonica,93.2
11,4,C119,ACTGTATTT,Temperate Japonica,86.17
11,5,W120,ACTGTATTT,Temperate Japonica,109.6
12,0,W021,ACTGTACTC,Japonica Intermediate,142.4
12,1,C052,ACTGTACTC,Temperate Japonica,107.0
12,2,W323,ACTGTACTC,Japonica Intermediate,136.4
12,3,W327,ACTGTACTC,Temperate Japonica,89.8
12,4,C185,ACTGTACTC,Japonica Intermediate,145.0
13,0,C026,ACTGTACTT,Temperate Japonica,104.7
13,1,W061,ACTGTACTT,Japonica Intermediate,121.8
13,2,W283,ACTGTACTT,Temperate Japonica,68.4
13,3,C035,ACTGTACTT,Temperate Japonica,102.58
13,4,C177,ACTGTACTT,Temperate Japonica,112.87
13,5,C017,ACTGTACTT,Temperate Japonica,92.67
13,6,C116,ACTGTACTT,Temperate Japonica,87.03
13,7,W130,ACTGTACTT,Temperate Japonica,92.6
13,8,W160,ACTGTACTT,Temperate Japonica,96.0
13,9,W012,ACTGTACTT,Temperate Japonica,100.8
13,10,W117,ACTGTACTT,Temperate Japonica,98.6
13,11,W109,ACTGTACTT,Temperate Japonica,99.4
13,12,W088,ACTGTACTT,Temperate Japonica,70.6
13,13,W016,ACTGTACTT,Temperate Japonica,78.8
13,14,W162,ACTGTACTT,Temperate Japonica,98.4
13,15,C146,ACTGTACTT,Temperate Japonica,74.7
13,16,W158,ACTGTACTT,Intermediate,107.2
13,17,C032,ACTGTACTT,Temperate Japonica,107.8
13,18,W027,ACTGTACTT,Temperate Japonica,116.8
13,19,W010,ACTGTACTT,Japonica Intermediate,135.0
13,20,W209,ACTGTACTT,Temperate Japonica,142.4
13,21,C064,ACTGTACTT,Temperate Japonica,103.3
13,22,C018,ACTGTACTT,Temperate Japonica,78.27
13,23,C150,ACTGTACTT,Temperate Japonica,90.32
13,24,C154,ACTGTACTT,Temperate Japonica,77.43
13,25,W052,ACTGTACTT,Temperate Japonica,98.6
13,26,W207,ACTGTACTT,Temperate Japonica,114.6
13,27,W305,ACTGTACTT,Temperate Japonica,74.0
13,28,C057,ACTGTACTT,Japonica Intermediate,123.63
13,29,C152,ACTGTACTT,Temperate Japonica,100.0
13,30,W013,ACTGTACTT,Temperate Japonica,98.6
13,31,C048,ACTGTACTT,Temperate Japonica,97.33
13,32,C029,ACTGTACTT,Japonica Intermediate,94.0
13,33,W328,ACTGTACTT,Intermediate,117.4
13,34,C028,ACTGTACTT,Temperate Japonica,86.97
13,35,W063,ACTGTACTT,Japonica Intermediate,114.2
14,0,C083,GCTGAATCT,Temperate Japonica,174.7
15,0,C157,GCTGTATCT,Indica I,75.1
15,1,W078,GCTGTATCT,Indica Intermediate,96.8
15,2,C040,GCTGTATCT,Indica I,102.46
16,0,C145,ACTTTATCT,Indica I,92.33
16,1,C024,ACTTTATCT,Indica I,85.33
16,2,C114,ACTTTATCT,Indica Intermediate,86.87
17,0,C161,GCTTTATCT,Indica I,93.5
17,1,W223,GCTTTATCT,Indica II,103.6
17,2,C058,GCTTTATCT,Indica I,103.7
17,3,C156,GCTTTATCT,Indica I,73.13
17,4,C159,GCTTTATCT,Indica I,95.8
17,5,C122,GCTTTATCT,Indica I,118.1
17,6,C059,GCTTTATCT,Indica I,113.43
17,7,C021,GCTTTATCT,Indica I,80.83
17,8,C020,GCTTTATCT,Indica I,78.17
17,9,C033,GCTTTATCT,Indica I,132.04
17,10,C158,GCTTTATCT,Indica I,85.17
17,11,C039,GCTTTATCT,Indica I,109.43
17,12,C155,GCTTTATCT,Indica I,69.47
18,0,W112,GCTTTTCTT,Indica III,167.2
18,1,W140,GCCTTTCTT,Aus,145.8
19,0,W009,GCCTTTTTT,Indica III,193.8
19,1,C047,GCCTTTTTT,Indica I,97.53
19,2,W111,GCCTTTTTT,Indica III,203.6
19,3,C108,GCCTTTTTT,Indica I,156.8
19,4,C080,GCCTTTTTT,Indica I,170.53
19,5,C109,GCCTTTTTT,Indica I,162.1
19,6,C097,GCCTTTTTT,Indica Intermediate,172.2
19,7,C104,GCCTTTTTT,Indica I,179.14
19,8,C194,GCCTTTTTT,Indica Intermediate,173.4
19,9,W203,GCCTTTTTT,Indica Intermediate,185.6
19,10,W054,GCCTTTTTT,Indica Intermediate,190.2
20,0,C036,GCTTTTTCT,Indica Intermediate,95.07
20,1,C121,GCTTTTTCT,Indica Intermediate,150.67
21,0,W298,GCTTTTTTT,Indica II,95.2
21,1,W181,GCTTTTTTT,Indica Intermediate,105.8
21,2,W148,GCTTTTTTT,Indica Intermediate,168.4
21,3,W274,GCTTTTTTT,Indica I,70.8
21,4,C072,GCTTTTTTT,Indica I,158.07
21,5,W291,GCTTTTTTT,Indica II,96.6
21,6,C175,GCTTTTTTT,Indica Intermediate,111.2
21,7,C192,GCTTTTTTT,Indica Intermediate,185.07
21,8,C142,GCTTTTTTT,Indica III,198.57
21,9,C107,GCTTTTTTT,Indica III,193.67
21,10,C162,GCTTTTTTT,Indica Intermediate,97.77
22,0,W172,GCTGTTTTT,Indica II,100.2
22,1,W321,GCTGTTTTT,Indica III,160.6
22,2,W304,GCTGTTTTT,Intermediate,95.8
22,3,W147,GCTGTTTTT,Indica Intermediate,117.6
22,4,W194,GCTGTTTTT,Indica II,108.8
22,5,W299,GCTGTTTTT,Indica Intermediate,90.8
22,6,W154,GCTGTTTTT,Indica II,102.4
23,0,W217,GCTGTATTT,Indica Intermediate,133.8
23,1,W237,GCTGTATTT,Indica II,115.8
23,2,C065,GCTGTATTT,Indica Intermediate,109.07
23,3,W177,GCTGTATTT,Indica II,100.0
23,4,W184,GCTGTATTT,Indica II,98.0
23,5,W197,GCTGTATTT,Indica II,112.8
23,6,W322,GCTGTATTT,Indica Intermediate,109.0
23,7,C061,GCTGTATTT,Indica II,109.37
23,8,C062,GCTGTATTT,Indica I,105.5
23,9,C163,GCTGTATTT,Indica II,104.17
23,10,C168,GCTGTATTT,Indica Intermediate,104.87
23,11,W201,GCTGTATTT,Indica Intermediate,108.2
23,12,W216,GCTGTATTT,Indica II,113.8
23,13,W051,GCTGTATTT,Indica II,107.4
23,14,W289,GCTGTATTT,Indica II,104.4
23,15,C164,GCTGTATTT,Indica II,95.53
23,16,W118,GCTGTATTT,Tropical Japonica,84.2
23,17,W157,GCTGTATTT,Indica Intermediate,95.2
23,18,W238,GCTGTATTT,Indica II,95.4
23,19,W262,GCTGTATTT,Indica I,83.8
23,20,W086,GCTGTATTT,Indica II,103.4
23,21,W234,GCTGTATTT,Indica Intermediate,112.8
23,22,W311,GCTGTATTT,Indica II,100.6
23,23,W202,GCTGTATTT,Indica Intermediate,112.0
23,24,C043,GCTGTATTT,Indica I,106.33
23,25,C011,GCTGTATTT,Indica II,100.43
23,26,C049,GCTGTATTT,Indica Intermediate,103.13
23,27,W166,GCTGTATTT,Indica Intermediate,137.8
23,28,W218,GCTGTATTT,Indica Intermediate,133.6
23,29,C147,GCTGTATTT,Indica II,108.1
23,30,W211,GCTGTATTT,Indica II,97.0
23,31,W225,GCTGTATTT,Tropical Japonica,90.2
23,32,W176,GCTGTATTT,Indica II,101.4
23,33,C053,GCTGTATTT,Indica Intermediate,116.63
23,34,W083,GCTGTATTT,Indica Intermediate,116.4
23,35,W318,GCTGTATTT,Indica I,139.3
23,36,W159,GCTGTATTT,Indica II,95.2
23,37,W165,GCTGTATTT,Indica Intermediate,103.8
23,38,W316,GCTGTATTT,Indica II,99.0
23,39,W267,GCTGTATTT,Indica Intermediate,114.4
23,40,W182,GCTGTATTT,Indica II,101.2
23,41,C050,GCTGTATTT,Indica II,108.81
23,42,C009,GCTGTATTT,Indica Intermediate,106.8
23,43,W168,GCTGTATTT,Indica II,101.4
23,44,W186,GCTGTATTT,Indica Intermediate,98.2
23,45,C115,GCTGTATTT,Indica II,80.4
23,46,W301,GCTGTATTT,Indica II,95.6
23,47,C068,GCTGTATTT,Indica II,109.6
23,48,C148,GCTGTATTT,Indica II,117.2
23,49,C166,GCTGTATTT,Indica Intermediate,94.73
23,50,W213,GCTGTATTT,Indica Intermediate,137.4
23,51,W044,GCTGTATTT,Indica II,98.8
23,52,C025,GCTGTATTT,Indica Intermediate,82.83
23,53,W243,GCTGTATTT,Indica II,105.6
23,54,W195,GCTGTATTT,Indica II,123.8
23,55,C022,GCTGTATTT,Indica I,77.3
23,56,C042,GCTGTATTT,Indica Intermediate,103.67
23,57,W231,GCTGTATTT,Indica II,117.0
23,58,W161,GCTGTATTT,Indica II,102.0
23,59,W187,GCTGTATTT,Indica Intermediate,105.2
23,60,W227,GCTGTATTT,Indica Intermediate,106.6
23,61,W242,GCTGTATTT,Indica Intermediate,106.2
23,62,C178,GCTGTATTT,Indica I,107.67
23,63,W153,GCTGTATTT,Indica II,103.8
23,64,C174,GCTGTATTT,Indica II,111.43
23,65,C069,GCTGTATTT,Indica II,115.8
23,66,W167,GCTGTATTT,Indica Intermediate,135.2
24,0,W313,GCTTTACTT,Indica II,110.4
24,1,C203,GCTTTACTT,Indica I,77.33
24,2,W240,GCTTTACTT,Indica Intermediate,111.6
24,3,W068,GCTTTACTT,Temperate Japonica,139.8
24,4,C124,GCTTTACTT,Indica Intermediate,110.27
24,5,W175,GCTTTACTT,Intermediate,101.0
25,0,W271,GCTTTATTT,Indica Intermediate,95.8
25,1,W233,GCTTTATTT,Indica Intermediate,114.2
25,2,W309,GCTTTATTT,Indica II,112.2
25,3,W268,GCTTTATTT,Indica Intermediate,91.4
25,4,C046,GCTTTATTT,Indica Intermediate,172.37
25,5,C113,GCTTTATTT,Indica Intermediate,73.77
25,6,W163,GCTTTATTT,Indica Intermediate,91.4
25,7,W294,GCTTTATTT,Intermediate,118.8
25,8,W236,GCTTTATTT,Indica II,101.8
25,9,W307,GCTTTATTT,Indica II,101.0
25,10,C167,GCTTTATTT,Indica Intermediate,108.23
25,11,W169,GCTTTATTT,Indica II,93.6
25,12,C037,GCTTTATTT,Indica I,105.33
25,13,W151,GCTTTATTT,Indica II,98.0
25,14,W150,GCTTTATTT,Indica II,104.6
25,15,C007,GCTTTATTT,Indica Intermediate,107.97
25,16,W244,GCTTTATTT,Indica II,102.4
25,17,C031,GCTTTATTT,Indica Intermediate,96.27
25,18,C019,GCTTTATTT,Indica I,80.25
25,19,W183,GCTTTATTT,Indica II,96.6
25,20,W164,GCTTTATTT,Indica Intermediate,88.6
25,21,C151,GCTTTATTT,Indica I,107.73
25,22,W276,GCTTTATTT,Indica III,160.2
25,23,W152,GCTTTATTT,Indica II,110.0
25,24,W185,GCTTTATTT,Indica II,95.6
25,25,W228,GCTTTATTT,Indica II,115.0
25,26,W263,GCTTTATTT,Indica Intermediate,114.8
25,27,W229,GCTTTATTT,Indica II,119.4
25,28,W179,GCTTTATTT,Indica II,93.8
25,29,W293,GCTTTATTT,Indica II,83.4
25,30,W046,GCTTTATTT,Indica II,96.0
25,31,W149,GCTTTATTT,Indica Intermediate,112.6
25,32,W230,GCTTTATTT,Indica II,-9.0
25,33,W245,GCTTTATTT,Indica Intermediate,121.6
25,34,C170,GCTTTATTT,Indica I,94.87
25,35,C112,GCTTTATTT,Indica I,77.43
25,36,W317,GCTTTATTT,Indica II,110.4
25,37,W138,GCTTTATTT,Indica I,102.0
25,38,W259,GCTTTATTT,Indica II,106.0
25,39,C105,GCTTTATTT,Indica Intermediate,170.17
25,40,W189,GCTTTATTT,Indica II,114.2
25,41,W170,GCTTTATTT,Indica II,90.6
25,42,W040,GCTTTATTT,Indica II,108.4
25,43,W312,GCTTTATTT,Indica II,111.6
25,44,C038,GCTTTATTT,Indica Intermediate,101.33
25,45,W058,GCTTTATTT,Indica I,150.6
25,46,C165,GCTTTATTT,Indica I,96.03
25,47,W300,GCTTTATTT,Tropical Japonica,107.2
25,48,W248,GCTTTATTT,Indica I,145.4
25,49,W043,GCTTTATTT,Indica Intermediate,105.4
25,50,W315,GCTTTATTT,Indica II,102.0
25,51,W308,GCTTTATTT,Indica II,109.4
25,52,C006,GCTTTATTT,Indica Intermediate,108.23
25,53,W265,GCTTTATTT,Indica Intermediate,120.4
25,54,W200,GCTTTATTT,Indica Intermediate,115.4
25,55,C030,GCTTTATTT,Indica Intermediate,99.57
25,56,C117,GCTTTATTT,Indica Intermediate,110.43
25,57,W224,GCTTTATTT,Indica II,116.0
25,58,C169,GCTTTATTT,Indica Intermediate,118.07
25,59,W156,GCTTTATTT,Indica I,99.2
25,60,C160,GCTTTATTT,Indica Intermediate,83.68
25,61,W174,GCTTTATTT,Indica II,84.0
25,62,W295,GCTTTATTT,Indica II,99.6
25,63,W222,GCTTTATTT,Indica II,115.6
25,64,W264,GCTTTATTT,Indica Intermediate,91.4
25,65,C044,GCTTTATTT,Indica Intermediate,104.33
25,66,W180,GCTTTATTT,Indica Intermediate,108.0
26,0,W084,GCTTTTTTC,Indica Intermediate,114.4
26,1,C173,GCTTTTTTC,Indica I,114.4
26,2,C078,GCTTTTTTC,Indica Intermediate,172.4
27,0,W033,GCTGTTTTC,Indica I,155.0
27,1,C099,GCTGTTTTC,Indica Intermediate,176.8
27,2,W191,GCTGTTTTC,Intermediate,121.0
27,3,W192,GCTGTTTTC,Intermediate,121.2
27,4,W107,GCTGTTTTC,Indica Intermediate,163.2
27,5,C066,GCTGTTTTC,Indica I,120.27
28,0,W135,GCTTTACTC,Indica Intermediate,172.8
28,1,C139,GCTTTTCTC,Indica I,185.33
29,0,W007,GCTGAATTC,Tropical Japonica,150.8
29,1,W273,GCTGAATTC,Tropical Japonica,156.2
29,2,W288,GCTGAATTC,Tropical Japonica,144.2
30,0,C008,GCTGTATTC,Indica Intermediate,87.47
30,1,W188,GCTGTATTC,Indica II,102.0
30,2,W085,GCTGTATTC,Indica Intermediate,118.6
30,3,C045,GCTGTATTC,Indica Intermediate,106.23
30,4,W260,GCTGTATTC,Tropical Japonica,134.0
30,5,W239,GCTGTATTC,Indica Intermediate,109.8
30,6,W329,GCTGTATTC,Tropical Japonica,147.4
30,7,C027,GCTGTATTC,Indica Intermediate,100.47
31,0,C094,GTTGTATTC,Indica Intermediate,154.87
32,0,C176,GCTTTATTC,Indica Intermediate,97.67
32,1,W246,GCTTTATTC,Indica Intermediate,151.0
32,2,W101,GCTTTATTC,Indica Intermediate,149.8
32,3,W270,GCTTTATTC,Indica Intermediate,99.0
32,4,C191,GCTTTATTC,Indica I,171.27
32,5,W266,GCTTTATTC,Indica III,132.6
32,6,C127,GCTTTATTC,Indica I,152.54
32,7,C091,GCTTTATTC,Indica I,170.07
32,8,W206,GCTTTATTC,Indica Intermediate,112.0
32,9,C041,GCTTTATTC,Indica I,113.1
32,10,C131,GCTTTATTC,Indica I,165.07
32,11,W269,GCTTTATTC,Indica Intermediate,96.0
32,12,C092,GCTTTATTC,Indica I,168.47
32,13,W199,GCTTTATTC,Indica Intermediate,125.2
32,14,W133,GCTTTATTC,Indica Intermediate,157.8
32,15,W073,GCTTTATTC,Indica II,98.8
33,0,W110,GCTTAATTC,Tropical Japonica,154.4
33,1,W004,GCTTAATTC,Tropical Japonica,158.2
33,2,C005,GCTTAATTC,Tropical Japonica,163.33
33,3,W002,GCTTAATTC,Tropical Japonica,157.4
33,4,W284,GCTTAATTC,Tropical Japonica,135.4
34,0,C144,GCTTAACCC,Temperate Japonica,206.73
34,1,W143,GCTTAACCC,Japonica Intermediate,196.8
34,2,C134,GCTTAACCC,Temperate Japonica,172.46
35,0,C101,GCTGAACCC,Temperate Japonica,192.07
35,1,C106,GCTGAACCC,Temperate Japonica,191.0
35,2,C137,GCTGAACCC,Temperate Japonica,170.0
35,3,W319,GCTGAACCC,Temperate Japonica,174.2
35,4,C111,GCTGAACCC,Temperate Japonica,206.13
36,0,W290,GCTGTACCT,Temperate Japonica,116.4
36,1,C056,GCTGTACCT,Temperate Japonica,99.03
36,2,C016,GCTGTACCT,Temperate Japonica,77.73
37,0,C188,GCTGTACTT,Temperate Japonica,137.8
37,1,C054,GCTGTACTT,Temperate Japonica,97.9
37,2,C187,GCTGTACTT,Temperate Japonica,144.47
37,3,W018,GCTGTACTT,Temperate Japonica,93.4
37,4,W045,GCTGTACTT,Temperate Japonica,98.0
37,5,W059,GCTGTACTT,Temperate Japonica,115.8
37,6,C010,GCTGTACTT,Tropical Japonica,106.7
37,7,C023,GCTGTACTT,Temperate Japonica,89.39
37,8,C195,GCTGTACTT,Temperate Japonica,171.79
37,9,W070,GCTGTACTT,Indica Intermediate,160.4
37,10,C181,GCTGTACTT,Temperate Japonica,137.9
37,11,C118,GCTGTACTT,Indica II,88.27
37,12,W062,GCTGTACTT,Tropical Japonica,153.4
37,13,C003,GCTGTACTT,Japonica Intermediate,141.57
37,14,W173,GCTGTACTT,Tropical Japonica,121.6
37,15,W139,GCTGTACTT,Temperate Japonica,96.4
37,16,C034,GCTGTACTT,Temperate Japonica,110.5
37,17,W302,GCTGTACTT,Tropical Japonica,166.8
37,18,C089,GCTGTACTT,Temperate Japonica,142.43
37,19,W064,GCTGTACTT,Temperate Japonica,106.2
37,20,W281,GCTGTACTT,Temperate Japonica,150.0
37,21,W019,GCTGTACTT,Japonica Intermediate,124.8
37,22,W171,GCTGTACTT,Indica Intermediate,96.8
37,23,W038,GCTGTACTT,Temperate Japonica,138.0
38,0,W050,GCTGTACCC,VI/Aromatic,174.8
38,1,C085,GCTGTACCC,Japonica Intermediate,147.1
38,2,C084,GCTGTACCC,Japonica Intermediate,157.62
39,0,W081,GCCGTACCC,VI/Aromatic,130.2
39,1,W256,GCCGTACCC,VI/Aromatic,160.0
40,0,C171,GCTGTACTC,Temperate Japonica,140.61
40,1,C075,GCTGTACTC,Temperate Japonica,131.3
40,2,W127,GCTGTACTC,Japonica Intermediate,142.6
40,3,W082,GCTGTACTC,Temperate Japonica,125.0
40,4,C074,GCTGTACTC,Temperate Japonica,143.65
40,5,C138,GCTGTACTC,Temperate Japonica,190.9
40,6,C071,GCTGTACTC,Temperate Japonica,128.2
40,7,W326,GCTGTACTC,Japonica Intermediate,155.4
40,8,W122,GCTGTACTC,Japonica Intermediate,169.8
40,9,W324,GCTGTACTC,Japonica Intermediate,156.0
40,10,C179,GCTGTACTC,Temperate Japonica,133.53
40,11,C186,GCTGTACTC,Japonica Intermediate,180.0
40,12,W097,GCTGTACTC,Intermediate,137.0
40,13,C082,GCTGTACTC,Temperate Japonica,156.46
40,14,C067,GCTGTACTC,Temperate Japonica,117.93
41,0,C110,GCCTTATTC,Indica I,159.33
41,1,W198,GCCTTATTC,Indica Intermediate,180.0
41,2,W144,GCCTTATTC,Indica I,168.4
41,3,C140,GCCTTATTC,Indica I,164.4
41,4,W212,GCCTTATTC,Indica Intermediate,159.6
41,5,W074,GCCTTATTC,Indica Intermediate,162.2
41,6,C182,GCCTTATTC,Indica I,161.2
42,0,C132,GCCTTATTT,Indica Intermediate,169.67
42,1,W205,GCCTTATTT,Indica I,161.8
42,2,C197,GCCTTATTT,Indica I,175.77
42,3,C055,GCCTTATTT,Indica I,119.03
42,4,W080,GCCTTATTT,Indica I,141.4
42,5,W204,GCCTTATTT,Indica I,154.2
42,6,C090,GCCTTATTT,Indica Intermediate,177.29
43,0,W145,GCCTTACTT,Indica Intermediate,177.4
43,1,W047,GCCTTACCT,Japonica Intermediate,203.2
44,0,W210,GCCTTATCT,Indica I,166.4
44,1,W247,GCCTTATCT,Indica I,170.2
45,0,W077,GCCTTTCCC,VI/Aromatic,182.4
45,1,W330,GCCTTTCCC,Aus,149.6
45,2,C015,GCCTTTCCC,Aus,152.2
45,3,C002,GCCTTTCCC,VI/Aromatic,177.62
45,4,W136,GCCTTTCCC,VI/Aromatic,188.6
45,5,W220,GCCTTTCCC,VI/Aromatic,172.0
45,6,W277,GCCTTTCCC,Aus,142.0
45,7,W258,GCCTTACCC,VI/Aromatic,158.4
46,0,W141,GCCTTTCTC,Aus,151.6
46,1,W042,GCCTTTCTC,Indica Intermediate,185.4
46,2,W121,GCCTTTCTC,Aus,177.6
46,3,W296,GCCTTTCTC,Aus,138.8
46,4,W215,GCCTTTCTC,Aus,154.4
46,5,W103,GCCTTTCTC,Aus,111.4
46,6,C013,GCCTTTCTC,Aus,150.43
46,7,W025,GCCTTTCTC,Aus,154.2
46,8,W280,GCCTTTCTC,Aus,145.8
46,9,W015,GCCTTTCTC,Aus,157.8
46,10,W034,GCCTTTCTC,Aus,165.8
46,11,W297,GCCTTTCTC,Aus,161.2
46,12,W072,GCCTTTCTC,Aus,154.0
47,0,W105,GCCTTACTC,Aus,156.6
47,1,W137,GCCTTACTC,Indica Intermediate,125.6
47,2,C086,GCCTTACTC,Aus,147.17
47,3,W035,GCCTTACTC,Indica Intermediate,196.2
47,4,W075,GCCTTACTC,Indica Intermediate,186.2
47,5,W129,GCCTTACTC,VI/Aromatic,151.2
47,6,C098,GCCTTACTC,Indica Intermediate,178.27
48,0,W235,GTCTTTTTC,Indica I,148.4
49,0,W126,GCCTTTTTC,Indica I,157.6
49,1,C073,GCCTTTTTC,Indica I,167.83
49,2,W032,GCCTTTTTC,Indica I,159.6
49,3,C129,GCCTTTTTC,Indica Intermediate,166.87
49,4,C135,GCCTTTTTC,Indica I,136.39
49,5,C200,GCCTTTTTC,Indica I,189.1
49,6,C190,GCCTTTTTC,Indica I,160.9
49,7,C100,GCCTTTTTC,Indica Intermediate,166.45
49,8,W320,GCCTTTTTC,Indica Intermediate,177.2
49,9,C136,GCCTTTTTC,Indica I,182.14
49,10,C088,GCCTTTTTC,Indica I,135.4
49,11,W031,GCCTTTTTC,Indica I,159.6
49,12,W039,GCCTTTTTC,Indica I,152.0
49,13,C096,GCCTTTTTC,Indica Intermediate,166.4
49,14,C141,GCCTTTTTC,Indica I,190.93
49,15,C198,GCCTTTTTC,Indica Intermediate,173.77
49,16,C201,GCCTTTTTC,Indica Intermediate,194.93
49,17,C199,GCCTTTTTC,Indica I,187.53
49,18,W272,GCCTTTTTC,Indica Intermediate,155.6
50,0,W020,GCCGTTTCC,Aus,136.6
50,1,C202,GCCTTTTCC,Indica I,176.33
51,0,C060,GCTTTATCC,Indica I,114.73
51,1,W029,GCTTTATCC,Indica Intermediate,147.8
52,0,W001,GCCTTATCC,Indica I,146.4
52,1,C076,GCCTTATCC,Indica I,127.36
52,2,C081,GCCTTATCC,Indica I,155.8
52,3,C077,GCCTTATCC,Indica I,149.8
52,4,C184,GCCTTATCC,Indica I,156.17
53,0,W132,GCTTTTTCC,Indica I,156.0
53,1,C193,GCTTTTTCC,Indica I,158.4
53,2,C183,GCTTTTTCC,Indica I,160.57
53,3,C180,GCTTTTTCC,Indica I,147.15
53,4,C128,GCTTTTTCC,Indica I,158.23
54,0,W261,GCTTTTCCC,Intermediate,132.4
54,1,C001,GCTTTTCCC,Indica I,144.13
54,2,W306,GCTGTTCCC,VI/Aromatic,129.6
55,0,W252,GCCGTTCCC,VI/Aromatic,178.0
55,1,W255,GCCGTTCCC,VI/Aromatic,145.8
55,2,W278,GCCGTTCCC,Aus,146.6
55,3,W219,GCCGTTCCC,VI/Aromatic,161.0
55,4,W095,GCCGTTCCC,Aus,165.8
55,5,W091,GCCGTTCCC,Aus,148.2
55,6,W279,GCCGTTCCC,Aus,166.6
55,7,W048,GCCGTTCCC,Aus,190.2
56,0,W079,GCCGTTTCT,Intermediate,147.6
56,1,W014,GCCGTTCCT,VI/Aromatic,158.0
57,0,W106,GCCGTTCTT,Aus,169.4
57,1,W030,GCCGTACTT,Indica Intermediate,172.6
58,0,W310,GCCGTATTT,Indica Intermediate,111.2
58,1,W178,GCCGTATTT,Indica III,97.8
58,2,W221,GCCGTATTT,Indica Intermediate,112.4
58,3,C102,GCCGTATTT,Indica Intermediate,150.67
58,4,W071,GCCGTATTT,Indica Intermediate,104.6
58,5,W146,GCCGTATTT,Indica I,127.4
59,0,W049,GCCGTACTC,Aus,163.8
59,1,W134,GCCGTACTC,Aus,150.0
60,0,C143,GCCGTATTC,Indica I,170.36
60,1,W314,GCCGTATTC,Indica II,111.2
60,2,C125,GCCGTATTC,Indica I,145.65
60,3,W114,GCCGTATTC,Indica III,181.4
60,4,W282,GCCGTATTC,Indica Intermediate,134.8
61,0,C095,GCCGTTTTC,Indica I,163.37
61,1,W124,GCCGTTTTC,Indica I,134.0
61,2,W036,GCCGTTTTC,Indica I,157.8
61,3,W026,GCCGTTTTC,Indica I,160.6
62,0,W066,GCCGTTTTT,Indica Intermediate,102.2
62,1,W089,GCCGTTTTT,Indica III,136.4
62,2,W241,GCCGTTTTT,Indica II,119.2
62,3,W023,GCCGTTTTT,Indica III,165.8
62,4,W093,GCCGTTTTT,Indica III,133.0
63,0,W028,GTCGTTCTC,Aus,164.2
64,0,W092,GCCGTTCTC,Aus,144.8
64,1,W099,GCCGTTCTC,Aus,149.0
64,2,W090,GCCGTTCTC,Aus,137.4
64,3,W037,GCCGTTCTC,Indica Intermediate,173.8
64,4,W100,GCCGTTCTC,Aus,177.2
64,5,W292,GCCGTTCTC,Aus,164.2
64,6,W098,GCCGTTCTC,Aus,158.8
64,7,W069,GCCGTTCTC,Aus,146.4
64,8,W104,GCCGTTCTC,Aus,145.4
64,9,W108,GCCGTTCTC,Aus,161.2
64,10,W076,GCCGTTCTC,Aus,155.0
64,11,W115,GCCGTTCTC,Aus,153.4
64,12,W286,GCCGTTCTC,Aus,154.8
64,13,W142,GCCGTTCTC,Aus,149.4
64,14,W131,GCCGTTCTC,Aus,161.0
64,15,W214,GCCGTTCTC,Aus,153.8
64,16,W094,GCCGTTCTC,Aus,141.8
64,17,W287,GCCGTTCTC,Aus,150.2
64,18,W096,GCCGTTCTC,Aus,165.2
